ID,FirstName,MiddleName,LastName
1,Robert,Aurora,Daniels
2,Marie,Bridget,Anderson
3,David,Kristie,Gustafson
4,Sonia,David,Tucker
5,Linda,Stephen,Price
6,Leonard,Sebestian,Clankscales
7,John,Allen,Haas
8,Jasmine,Isabel,Obrien
9,William,Chase,Brier
10,Shiela,Adrienne,Cole
11,Jessica,Janiya,Burk
12,Scott,Pandora,Morris
13,Robert,Deanne,Shipley
14,Claire,Cristina,Green
15,Francis,Lauri,Browne
16,Diana,Taylah,Leyendecker
17,William,Elsie,Barnett
18,Kathleen,Elyza,Saunders
19,Talitha,Alissa,Tuck
20,Paula,Joaquin,Bolton
21,Elmer,Colton,Miner
22,Thomas,Tristen,Boyd
23,Marie,Jayne,Kasprzak
24,Beverly,Isaiah,Ward
25,Jason,Gretchen,Swan
26,Yasmin,Ariel,Watson
27,Patricia,Ronda,Murphy
28,Sara,Erika,Clayton
29,Joseph,Mildred,Holguin
30,Nanette,Lawrence,Lawrence
31,Elizabeth,Clifton,Pugh
32,Melanie,Robin,Diaz
33,Clinton,Bryson,Smoke
34,Jeff,Cathy,Dicarlo
35,Robert,Braydon,Villegas
36,Bob,Quentin,Munday
37,Michel,Brandi,Feliciano
38,Janet,Chase,Cook
39,Gladys,Floyd,Goss
40,Michael,Albert,Johnson
41,Don,Leann,Beck
42,Charles,Eugene,Lyons
43,Brande,Jared,Kitchen
44,Ashley,Joy,Darling
45,Mark,Beatrice,Gallagher
46,Christina,Deena,Travelstead
47,Nancy,Riley,Jackson
48,Kenneth,Jorja,Bien
49,James,Millie,Almeida
50,Brenda,Dominic,Griffith
51,Lula,Antonio,Morgan
52,Lynn,Jenny,Mays
53,Michael,Melissa,Smith
54,Virgil,Anastasia,Broce
55,Rudolph,Nina,Hollowell
56,Robert,Lorraine,Bullock
57,Laurence,Robby,Vaught
58,Justin,Russell,Calhoon
59,Dale,Bonita,Chapen
60,Kathleen,Claire,Nitti
61,Cedric,Chandler,Flowers
62,Louann,Wilma,Price
63,Lidia,Sylvester,Mccarroll
64,Lou,Israel,Kraus
65,Doris,Ingrid,Lecy
66,Michele,Charlene,Cardona
67,Travis,Davion,Randles
68,Stephen,Tessa,Roberts
69,John,Sidney,Garcia
70,George,Brenda,Kunkle
71,Ryan,Doreen,Sydnor
72,Jane,Herman,Losinski
73,Ellen,Jayne,Buzzard
74,Rusty,Alexander,Clayton
75,Jill,Bethany,Newton
76,Vera,Fredrick,Abbasi
77,Norman,Kendrick,Roth
78,Robert,Hamish,Lamb
79,Peter,Miranda,Morin
80,Homer,Ruth,Recher
81,Joanne,Roy,Bowie
82,Christopher,Gabriela,Tejeiro
83,Kenneth,Chris,Siefert
84,Julie,Clay,Zachmann
85,Leslie,Tia,Zimmerman
86,Fernando,Addison,Washington
87,Irma,Janiya,Briceno
88,Roy,Alice,Gookin
89,Paula,Roland,Blackaby
90,Nancy,Darren,Cormier
91,Donald,Jolene,Brooks
92,Clark,Ramon,Lewis
93,Judy,Nathanael,Depriest
94,Mathew,Timothy,Barris
95,Keely,Kenny,Hagan
96,Ora,Christi,Myers
97,Roberta,Ashanti,Downing
98,Diane,Brenden,Godbey
99,Helen,Amaya,Bergman
100,Katy,Tammy,Ferguson
