ID,Login,Name
1,Brynn,Adam Robinette
2,Dick,Clifford Marotti
3,Rodney,Derek Hanson
4,Sam,Chanel Miller
5,Rosemarie,Michael Jones
6,Meagan,Florence Glassman
7,Mallory,Clarice Hanes
8,Miriam,James Haynes
9,Paige,Brittany Nester
10,Julie,Catherine Barnett
11,Darian,Kevin Jellerson
12,Bobbi,Jerome Brock
13,Vernon,Donald Arredondo
14,Lora,Etta Boyd
15,Mckenzie,Christine Archer
16,Randal,Marian Thomas
17,Grant,Frederick Worthen
18,Kyra,Joseph Robinson
19,Ethel,Jean Kelley
20,Reginald,John Englert
21,Damon,Joseph Ellender
22,Rosemarie,Jo Townsend
23,Leah,Shirley Mcgrath
24,Aniya,William Crisp
25,Honey,Angel Abbott
26,Lauren,Priscilla Smith
27,Ethan,Amy Gutierrez
28,Janet,Bryan Walters
29,Charlene,Alan Wiedenheft
30,Lucille,Melvin Burton
31,Dorian,Marshall Madison
32,Pam,Adah Sotelo
33,James,Mina Brueggeman
34,Aoife,Paul Storey
35,Fay,Carol Snow
36,Charlie,Jody Leach
37,Lorraine,Mark Oliver
38,Lily,Stacy Dardon
39,Avery,Timothy Schleck
40,Cian,Evie Pirtle
41,Marian,Billy Cates
42,Claire,Helen Ballard
43,Ethan,Edna Williams
44,Kelvin,Julie Grady
45,Candace,Steve Mcalister
46,Chris,Vernon Davis
47,Yestin,Dorothy Drake
48,Frankie,Santiago Tom
49,Mickey,Kristie Mcdonald
50,Arlene,Bertha Mooring
