ID,Name,City
1,Wilson-Robbins,New Rossport
2,"Mcconnell, Brown and Cordova",Mooreview
3,Vaughn-Davis,Lyonsfurt
4,Webb-Yu,West Elizabeth
5,Garcia Group,Garretthaven
6,"Espinoza, Foster and Chang",West Mariah
7,"Cannon, Cook and Banks",South David
8,Mcclain-Aguilar,Taylorhaven
9,Ball-Sexton,Lake Teresaville
10,"Harding, Walker and Hughes",Lake Michaelville
11,"Hansen, Guerra and Jones",Rosetown
12,Hall and Sons,Aguilarfurt
13,Miles-Gonzalez,South Tammyberg
14,Long Ltd,Marystad
15,Munoz Inc,West Jamesfurt
16,"Brady, Chavez and Pratt",Gracemouth
17,"Adams, Houston and Williams",New Alanland
18,"Maxwell, Collins and Ray",Port Keith
19,"Baker, Banks and Martin",Brownberg
20,Lewis-Lewis,Wallacehaven
